Points,Intersection over Union,Times
100,0.6666666666666666,0.5032017230987549
250,0.7364864864864865,0.5679919719696045
500,0.6677966101694915,0.7749588489532471
1000,0.7099099099099099,1.2503869533538818
2500,0.671251719394773,2.4348340034484863
5000,0.6952483029653448,4.804944038391113
10000,0.6805944055944056,8.925936222076416
15000,0.6902079219421535,13.41463589668274
20000,0.6831289932654119,17.90310287475586
