Points,IoU,Times,Align IoU,Times Align
100,0.6379310344827587,0.4759078025817871,0.7808219178082192,0.4346640110015869
250,0.7777777777777778,0.5634880065917969,0.8296703296703297,0.5752220153808594
500,0.6599326599326599,0.7975690364837646,0.775,0.8019552230834961
1000,0.7195325542570952,1.2451908588409424,0.7603305785123967,1.238684892654419
2500,0.6808066759388038,2.6954879760742188,0.7561643835616438,2.582624912261963
5000,0.6812373907195696,4.960849761962891,0.7484611080022384,4.9563210010528564
10000,0.6843946815955213,9.273115873336792,0.7517672648178357,9.421285152435303
15000,0.6803165863730213,13.760807991027832,0.7502747252747253,14.264462947845459
