Points,Intersection over Union,Times
500,0.7313432835820896,0.7349996566772461
1000,0.7668112798264642,1.155466079711914
5000,0.747398091934085,4.390679597854614
7500,0.7627484874675886,6.50180983543396
10000,0.7582559896395424,8.645715951919556
20000,0.7511187793174098,17.461453914642334
